scope_type,scope_value,rows_loaded,rows_final,rows_removed_total,pct_removed_total,period_min,period_max,rows_missing_critical,rows_invalid_acq_date,rows_invalid_acq_time,rows_invalid_acq_datetime,rows_outside_project_period,rows_invalid_global_geo,rows_outside_mexico_bbox_aprox,rows_exact_duplicates,rows_logical_duplicates,top_source_file,top_source_product,top_product_family,top_satellite,top_instrument,top_version,top_confidence,top_daynight,top_type,notes
TOTAL,ALL_ARCHIVE,8304779,8304775,4,0.0,2001-01-01,2025-12-31,0.0,0.0,0.0,0.0,0.0,0.0,0.0,0.0,4.0,"[('fire_archive_SV-C2_686770.csv', 4192341), ('fire_archive_J1V-C2_686768.csv', 2360565), ('fire_archive_M-C61_686766.csv', 1675428), ('fire_archive_J1V-C2_723172.csv', 34268), ('fire_archive_SV-C2_723173.csv', 33482), ('fire_archive_M-C61_723052.csv', 8695)]","[('SUOMI_VIIRS_ARCHIVE', 4225823), ('J1_VIIRS_ARCHIVE', 2394833), ('MODIS_ARCHIVE', 1684123)]","[('SUOMI_VIIRS', 4225823), ('J1_VIIRS', 2394833), ('MODIS', 1684123)]","[('N', 4225823), ('N20', 2394833), ('Aqua', 879347), ('Terra', 804776)]","[('VIIRS', 6620656), ('MODIS', 1684123)]","[('2', 6620656), ('6.03', 1464091), ('61.03', 220032)]","[('n', 5439371), ('l', 811724), ('h', 369561), ('100', 80085), ('73', 37504), ('75', 37316), ('74', 37182), ('72', 37075), ('71', 36733), ('76', 36211)]","[('D', 5932399), ('N', 2372380)]","[('0', 7384931), ('2', 886537), ('3', 18711), ('1', 14600)]",Resumen global del Data Preparation de NASA FIRMS archive. El bbox de México es aproximado y solo reportable; no sustituye validación por polígono.
PRODUCT,J1_VIIRS_ARCHIVE,2394833,2394830,3,0.0001,2018-04-01,2025-12-31,,,,,,,,,,"[('fire_archive_J1V-C2_686768.csv', 2360562), ('fire_archive_J1V-C2_723172.csv', 34268)]","[('J1_VIIRS_ARCHIVE', 2394830)]","[('J1_VIIRS', 2394830)]","[('N20', 2394830)]","[('VIIRS', 2394830)]","[('2', 2394830)]","[('n', 1968100), ('l', 301802), ('h', 124928)]","[('D', 1606649), ('N', 788181)]","[('0', 2109390), ('2', 278777), ('3', 4448), ('1', 2215)]",Resumen por producto archive después de DP.
PRODUCT,MODIS_ARCHIVE,1684123,1684123,0,0.0,2001-01-01,2025-12-31,,,,,,,,,,"[('fire_archive_M-C61_686766.csv', 1675428), ('fire_archive_M-C61_723052.csv', 8695)]","[('MODIS_ARCHIVE', 1684123)]","[('MODIS', 1684123)]","[('Aqua', 879347), ('Terra', 804776)]","[('MODIS', 1684123)]","[('6.03', 1464091), ('61.03', 220032)]","[('100', 80085), ('73', 37504), ('75', 37316), ('74', 37182), ('72', 37075), ('71', 36733), ('76', 36211), ('70', 36203), ('77', 36110), ('69', 35838)]","[('D', 1407298), ('N', 276825)]","[('0', 1543786), ('2', 129219), ('3', 7523), ('1', 3595)]",Resumen por producto archive después de DP.
PRODUCT,SUOMI_VIIRS_ARCHIVE,4225823,4225822,1,0.0,2012-01-20,2025-12-31,,,,,,,,,,"[('fire_archive_SV-C2_686770.csv', 4192340), ('fire_archive_SV-C2_723173.csv', 33482)]","[('SUOMI_VIIRS_ARCHIVE', 4225822)]","[('SUOMI_VIIRS', 4225822)]","[('N', 4225822)]","[('VIIRS', 4225822)]","[('2', 4225822)]","[('n', 3471267), ('l', 509922), ('h', 244633)]","[('D', 2918448), ('N', 1307374)]","[('0', 3731751), ('2', 478541), ('1', 8790), ('3', 6740)]",Resumen por producto archive después de DP.
PRODUCT_FAMILY,J1_VIIRS,2394833,2394830,3,0.0001,2018-04-01,2025-12-31,,,,,,,,,,"[('fire_archive_J1V-C2_686768.csv', 2360562), ('fire_archive_J1V-C2_723172.csv', 34268)]","[('J1_VIIRS_ARCHIVE', 2394830)]","[('J1_VIIRS', 2394830)]","[('N20', 2394830)]","[('VIIRS', 2394830)]","[('2', 2394830)]","[('n', 1968100), ('l', 301802), ('h', 124928)]","[('D', 1606649), ('N', 788181)]","[('0', 2109390), ('2', 278777), ('3', 4448), ('1', 2215)]",Resumen por familia de producto después de DP.
PRODUCT_FAMILY,MODIS,1684123,1684123,0,0.0,2001-01-01,2025-12-31,,,,,,,,,,"[('fire_archive_M-C61_686766.csv', 1675428), ('fire_archive_M-C61_723052.csv', 8695)]","[('MODIS_ARCHIVE', 1684123)]","[('MODIS', 1684123)]","[('Aqua', 879347), ('Terra', 804776)]","[('MODIS', 1684123)]","[('6.03', 1464091), ('61.03', 220032)]","[('100', 80085), ('73', 37504), ('75', 37316), ('74', 37182), ('72', 37075), ('71', 36733), ('76', 36211), ('70', 36203), ('77', 36110), ('69', 35838)]","[('D', 1407298), ('N', 276825)]","[('0', 1543786), ('2', 129219), ('3', 7523), ('1', 3595)]",Resumen por familia de producto después de DP.
PRODUCT_FAMILY,SUOMI_VIIRS,4225823,4225822,1,0.0,2012-01-20,2025-12-31,,,,,,,,,,"[('fire_archive_SV-C2_686770.csv', 4192340), ('fire_archive_SV-C2_723173.csv', 33482)]","[('SUOMI_VIIRS_ARCHIVE', 4225822)]","[('SUOMI_VIIRS', 4225822)]","[('N', 4225822)]","[('VIIRS', 4225822)]","[('2', 4225822)]","[('n', 3471267), ('l', 509922), ('h', 244633)]","[('D', 2918448), ('N', 1307374)]","[('0', 3731751), ('2', 478541), ('1', 8790), ('3', 6740)]",Resumen por familia de producto después de DP.
YEAR,2001,25699,25699,0,0.0,2001-01-01,2001-12-31,,,,,,,,,,"[('fire_archive_M-C61_686766.csv', 25699)]","[('MODIS_ARCHIVE', 25699)]","[('MODIS', 25699)]","[('Terra', 25699)]","[('MODIS', 25699)]","[('6.03', 25699)]","[('100', 915), ('77', 606), ('75', 598), ('74', 578), ('78', 571), ('69', 569), ('73', 564), ('66', 553), ('76', 551), ('68', 550)]","[('D', 21948), ('N', 3751)]","[('0', 24044), ('2', 1334), ('3', 225), ('1', 96)]",Resumen anual del dataset preparado.
YEAR,2002,37342,37342,0,0.0,2002-01-01,2002-12-31,,,,,,,,,,"[('fire_archive_M-C61_686766.csv', 37342)]","[('MODIS_ARCHIVE', 37342)]","[('MODIS', 37342)]","[('Terra', 34098), ('Aqua', 3244)]","[('MODIS', 37342)]","[('6.03', 37342)]","[('100', 1431), ('72', 887), ('73', 867), ('77', 862), ('70', 837), ('71', 834), ('69', 826), ('74', 814), ('75', 807), ('68', 801)]","[('D', 30836), ('N', 6506)]","[('0', 34820), ('2', 1851), ('1', 396), ('3', 275)]",Resumen anual del dataset preparado.
YEAR,2003,84510,84510,0,0.0,2003-01-01,2003-12-31,,,,,,,,,,"[('fire_archive_M-C61_686766.csv', 84510)]","[('MODIS_ARCHIVE', 84510)]","[('MODIS', 84510)]","[('Aqua', 47393), ('Terra', 37117)]","[('MODIS', 84510)]","[('6.03', 84510)]","[('100', 3749), ('74', 1941), ('73', 1923), ('75', 1914), ('76', 1894), ('77', 1883), ('72', 1851), ('78', 1849), ('70', 1842), ('71', 1799)]","[('D', 73102), ('N', 11408)]","[('0', 81501), ('2', 2594), ('3', 293), ('1', 122)]",Resumen anual del dataset preparado.
YEAR,2004,48223,48223,0,0.0,2004-01-01,2004-12-31,,,,,,,,,,"[('fire_archive_M-C61_686766.csv', 48223)]","[('MODIS_ARCHIVE', 48223)]","[('MODIS', 48223)]","[('Aqua', 26379), ('Terra', 21844)]","[('MODIS', 48223)]","[('6.03', 48223)]","[('100', 1552), ('73', 1153), ('70', 1152), ('78', 1152), ('71', 1138), ('74', 1137), ('69', 1113), ('75', 1101), ('77', 1087), ('68', 1068)]","[('D', 43486), ('N', 4737)]","[('0', 44929), ('2', 2928), ('3', 262), ('1', 104)]",Resumen anual del dataset preparado.
YEAR,2005,89361,89361,0,0.0,2005-01-01,2005-12-31,,,,,,,,,,"[('fire_archive_M-C61_686766.csv', 89361)]","[('MODIS_ARCHIVE', 89361)]","[('MODIS', 89361)]","[('Aqua', 49959), ('Terra', 39402)]","[('MODIS', 89361)]","[('6.03', 89361)]","[('100', 3461), ('73', 2035), ('74', 2034), ('75', 2006), ('72', 1982), ('78', 1978), ('77', 1944), ('70', 1938), ('69', 1921), ('76', 1913)]","[('D', 76728), ('N', 12633)]","[('0', 85802), ('2', 3080), ('3', 337), ('1', 142)]",Resumen anual del dataset preparado.
YEAR,2006,63383,63383,0,0.0,2006-01-01,2006-12-31,,,,,,,,,,"[('fire_archive_M-C61_686766.csv', 63383)]","[('MODIS_ARCHIVE', 63383)]","[('MODIS', 63383)]","[('Aqua', 34463), ('Terra', 28920)]","[('MODIS', 63383)]","[('6.03', 63383)]","[('100', 2448), ('77', 1458), ('75', 1445), ('74', 1440), ('73', 1431), ('72', 1424), ('70', 1412), ('69', 1392), ('71', 1392), ('79', 1375)]","[('D', 55093), ('N', 8290)]","[('0', 59843), ('2', 3153), ('3', 318), ('1', 69)]",Resumen anual del dataset preparado.
YEAR,2007,63606,63606,0,0.0,2007-01-01,2007-12-31,,,,,,,,,,"[('fire_archive_M-C61_686766.csv', 63606)]","[('MODIS_ARCHIVE', 63606)]","[('MODIS', 63606)]","[('Aqua', 33550), ('Terra', 30056)]","[('MODIS', 63606)]","[('6.03', 63606)]","[('100', 1983), ('71', 1561), ('72', 1500), ('73', 1472), ('74', 1467), ('76', 1452), ('75', 1444), ('70', 1414), ('77', 1392), ('69', 1390)]","[('D', 55986), ('N', 7620)]","[('0', 59962), ('2', 3237), ('3', 315), ('1', 92)]",Resumen anual del dataset preparado.
YEAR,2008,69922,69922,0,0.0,2008-01-01,2008-12-31,,,,,,,,,,"[('fire_archive_M-C61_686766.csv', 69922)]","[('MODIS_ARCHIVE', 69922)]","[('MODIS', 69922)]","[('Aqua', 37999), ('Terra', 31923)]","[('MODIS', 69922)]","[('6.03', 69922)]","[('100', 2548), ('73', 1662), ('72', 1656), ('71', 1599), ('76', 1585), ('69', 1580), ('78', 1574), ('75', 1572), ('70', 1569), ('74', 1530)]","[('D', 60995), ('N', 8927)]","[('0', 65972), ('2', 3576), ('3', 296), ('1', 78)]",Resumen anual del dataset preparado.
YEAR,2009,74885,74885,0,0.0,2009-01-01,2009-12-31,,,,,,,,,,"[('fire_archive_M-C61_686766.csv', 74885)]","[('MODIS_ARCHIVE', 74885)]","[('MODIS', 74885)]","[('Aqua', 41889), ('Terra', 32996)]","[('MODIS', 74885)]","[('6.03', 74885)]","[('100', 3307), ('72', 1701), ('74', 1699), ('75', 1692), ('69', 1671), ('76', 1661), ('73', 1650), ('79', 1644), ('71', 1640), ('70', 1631)]","[('D', 65598), ('N', 9287)]","[('0', 70362), ('2', 4162), ('3', 292), ('1', 69)]",Resumen anual del dataset preparado.
YEAR,2010,55435,55435,0,0.0,2010-01-01,2010-12-31,,,,,,,,,,"[('fire_archive_M-C61_686766.csv', 55435)]","[('MODIS_ARCHIVE', 55435)]","[('MODIS', 55435)]","[('Aqua', 30268), ('Terra', 25167)]","[('MODIS', 55435)]","[('6.03', 55435)]","[('100', 1770), ('71', 1317), ('75', 1312), ('76', 1294), ('68', 1288), ('73', 1265), ('70', 1261), ('77', 1256), ('74', 1253), ('67', 1228)]","[('D', 49052), ('N', 6383)]","[('0', 50848), ('2', 4194), ('3', 314), ('1', 79)]",Resumen anual del dataset preparado.
YEAR,2011,109335,109335,0,0.0,2011-01-01,2011-12-31,,,,,,,,,,"[('fire_archive_M-C61_686766.csv', 109335)]","[('MODIS_ARCHIVE', 109335)]","[('MODIS', 109335)]","[('Aqua', 57239), ('Terra', 52096)]","[('MODIS', 109335)]","[('6.03', 109335)]","[('100', 7483), ('75', 2294), ('74', 2281), ('73', 2280), ('72', 2275), ('70', 2214), ('76', 2214), ('71', 2196), ('77', 2150), ('69', 2135)]","[('D', 89093), ('N', 20242)]","[('0', 104002), ('2', 4839), ('3', 315), ('1', 179)]",Resumen anual del dataset preparado.
YEAR,2012,379537,379537,0,0.0,2012-01-01,2012-12-31,,,,,,,,,,"[('fire_archive_SV-C2_686770.csv', 312438), ('fire_archive_M-C61_686766.csv', 67099)]","[('SUOMI_VIIRS_ARCHIVE', 312438), ('MODIS_ARCHIVE', 67099)]","[('SUOMI_VIIRS', 312438), ('MODIS', 67099)]","[('N', 312438), ('Aqua', 34883), ('Terra', 32216)]","[('VIIRS', 312438), ('MODIS', 67099)]","[('2', 312438), ('6.03', 67099)]","[('n', 256666), ('l', 37505), ('h', 18267), ('100', 3033), ('75', 1461), ('72', 1457), ('78', 1442), ('77', 1442), ('74', 1427), ('71', 1426)]","[('D', 268577), ('N', 110960)]","[('0', 341856), ('2', 36165), ('1', 788), ('3', 728)]",Resumen anual del dataset preparado.
YEAR,2013,439390,439390,0,0.0,2013-01-01,2013-12-31,,,,,,,,,,"[('fire_archive_SV-C2_686770.csv', 357423), ('fire_archive_M-C61_686766.csv', 81967)]","[('SUOMI_VIIRS_ARCHIVE', 357423), ('MODIS_ARCHIVE', 81967)]","[('SUOMI_VIIRS', 357423), ('MODIS', 81967)]","[('N', 357423), ('Aqua', 44236), ('Terra', 37731)]","[('VIIRS', 357423), ('MODIS', 81967)]","[('2', 357423), ('6.03', 81967)]","[('n', 290745), ('l', 43770), ('h', 22908), ('100', 3670), ('75', 1866), ('72', 1857), ('74', 1817), ('78', 1798), ('77', 1786), ('73', 1772)]","[('D', 324372), ('N', 115018)]","[('0', 403326), ('2', 34263), ('1', 1202), ('3', 599)]",Resumen anual del dataset preparado.
YEAR,2014,226307,226307,0,0.0,2014-01-01,2014-12-31,,,,,,,,,,"[('fire_archive_SV-C2_686770.csv', 184977), ('fire_archive_M-C61_686766.csv', 41330)]","[('SUOMI_VIIRS_ARCHIVE', 184977), ('MODIS_ARCHIVE', 41330)]","[('SUOMI_VIIRS', 184977), ('MODIS', 41330)]","[('N', 184977), ('Aqua', 22698), ('Terra', 18632)]","[('VIIRS', 184977), ('MODIS', 41330)]","[('2', 184977), ('6.03', 41330)]","[('n', 154219), ('l', 21476), ('h', 9282), ('100', 1457), ('71', 1019), ('74', 996), ('70', 976), ('73', 957), ('67', 951), ('77', 941)]","[('D', 174250), ('N', 52057)]","[('0', 189403), ('2', 34437), ('1', 1903), ('3', 564)]",Resumen anual del dataset preparado.
YEAR,2015,288949,288949,0,0.0,2015-01-01,2015-12-31,,,,,,,,,,"[('fire_archive_SV-C2_686770.csv', 232822), ('fire_archive_M-C61_686766.csv', 56127)]","[('SUOMI_VIIRS_ARCHIVE', 232822), ('MODIS_ARCHIVE', 56127)]","[('SUOMI_VIIRS', 232822), ('MODIS', 56127)]","[('N', 232822), ('Aqua', 30658), ('Terra', 25469)]","[('VIIRS', 232822), ('MODIS', 56127)]","[('2', 232822), ('6.03', 56127)]","[('n', 192632), ('l', 27939), ('h', 12251), ('100', 1891), ('75', 1374), ('71', 1365), ('74', 1336), ('73', 1306), ('70', 1281), ('77', 1273)]","[('D', 234631), ('N', 54318)]","[('0', 250627), ('2', 35842), ('1', 1780), ('3', 700)]",Resumen anual del dataset preparado.
YEAR,2016,357282,357282,0,0.0,2016-01-01,2016-12-31,,,,,,,,,,"[('fire_archive_SV-C2_686770.csv', 292191), ('fire_archive_M-C61_686766.csv', 65091)]","[('SUOMI_VIIRS_ARCHIVE', 292191), ('MODIS_ARCHIVE', 65091)]","[('SUOMI_VIIRS', 292191), ('MODIS', 65091)]","[('N', 292191), ('Aqua', 35094), ('Terra', 29997)]","[('VIIRS', 292191), ('MODIS', 65091)]","[('2', 292191), ('6.03', 65091)]","[('n', 242806), ('l', 33988), ('h', 15397), ('100', 2367), ('73', 1507), ('75', 1499), ('70', 1495), ('74', 1487), ('77', 1463), ('71', 1452)]","[('D', 266982), ('N', 90300)]","[('0', 318222), ('2', 36859), ('1', 1551), ('3', 650)]",Resumen anual del dataset preparado.
YEAR,2017,467167,467167,0,0.0,2017-01-01,2017-12-31,,,,,,,,,,"[('fire_archive_SV-C2_686770.csv', 383375), ('fire_archive_M-C61_686766.csv', 83792)]","[('SUOMI_VIIRS_ARCHIVE', 383375), ('MODIS_ARCHIVE', 83792)]","[('SUOMI_VIIRS', 383375), ('MODIS', 83792)]","[('N', 383375), ('Aqua', 45113), ('Terra', 38679)]","[('VIIRS', 383375), ('MODIS', 83792)]","[('2', 383375), ('6.03', 83792)]","[('n', 314862), ('l', 46102), ('h', 22411), ('100', 4096), ('73', 1906), ('74', 1854), ('72', 1797), ('75', 1793), ('77', 1763), ('71', 1759)]","[('D', 329789), ('N', 137378)]","[('0', 427846), ('2', 37812), ('3', 795), ('1', 714)]",Resumen anual del dataset preparado.
YEAR,2018,576575,576574,1,0.0002,2018-01-01,2018-12-31,,,,,,,,,,"[('fire_archive_SV-C2_686770.csv', 287002), ('fire_archive_J1V-C2_686768.csv', 227617), ('fire_archive_M-C61_686766.csv', 61955)]","[('SUOMI_VIIRS_ARCHIVE', 287002), ('J1_VIIRS_ARCHIVE', 227617), ('MODIS_ARCHIVE', 61955)]","[('SUOMI_VIIRS', 287002), ('J1_VIIRS', 227617), ('MODIS', 61955)]","[('N', 287002), ('N20', 227617), ('Aqua', 33607), ('Terra', 28348)]","[('VIIRS', 514619), ('MODIS', 61955)]","[('2', 514619), ('6.03', 61955)]","[('n', 425793), ('l', 60457), ('h', 28369), ('100', 2693), ('72', 1407), ('73', 1396), ('69', 1376), ('75', 1370), ('71', 1365), ('68', 1358)]","[('D', 413685), ('N', 162889)]","[('0', 517005), ('2', 58089), ('3', 856), ('1', 624)]",Resumen anual del dataset preparado.
YEAR,2019,847838,847838,0,0.0,2019-01-01,2019-12-31,,,,,,,,,,"[('fire_archive_SV-C2_686770.csv', 382553), ('fire_archive_J1V-C2_686768.csv', 377493), ('fire_archive_M-C61_686766.csv', 87792)]","[('SUOMI_VIIRS_ARCHIVE', 382553), ('J1_VIIRS_ARCHIVE', 377493), ('MODIS_ARCHIVE', 87792)]","[('SUOMI_VIIRS', 382553), ('J1_VIIRS', 377493), ('MODIS', 87792)]","[('N', 382553), ('N20', 377493), ('Aqua', 46533), ('Terra', 41259)]","[('VIIRS', 760046), ('MODIS', 87792)]","[('2', 760046), ('6.03', 87792)]","[('n', 624072), ('l', 93291), ('h', 42683), ('100', 4523), ('77', 1910), ('73', 1904), ('75', 1890), ('71', 1877), ('78', 1867), ('76', 1865)]","[('D', 595408), ('N', 252430)]","[('0', 770294), ('2', 75634), ('3', 1105), ('1', 805)]",Resumen anual del dataset preparado.
YEAR,2020,646018,646018,0,0.0,2020-01-01,2020-12-31,,,,,,,,,,"[('fire_archive_SV-C2_686770.csv', 290836), ('fire_archive_J1V-C2_686768.csv', 286798), ('fire_archive_M-C61_686766.csv', 68384)]","[('SUOMI_VIIRS_ARCHIVE', 290836), ('J1_VIIRS_ARCHIVE', 286798), ('MODIS_ARCHIVE', 68384)]","[('SUOMI_VIIRS', 290836), ('J1_VIIRS', 286798), ('MODIS', 68384)]","[('N', 290836), ('N20', 286798), ('Aqua', 36230), ('Terra', 32154)]","[('VIIRS', 577634), ('MODIS', 68384)]","[('2', 577634), ('6.03', 68384)]","[('n', 466969), ('l', 80013), ('h', 30652), ('100', 3260), ('72', 1558), ('73', 1533), ('71', 1524), ('74', 1522), ('75', 1501), ('77', 1491)]","[('D', 472448), ('N', 173570)]","[('0', 568415), ('2', 75936), ('3', 1092), ('1', 575)]",Resumen anual del dataset preparado.
YEAR,2021,645470,645470,0,0.0,2021-01-01,2021-12-31,,,,,,,,,,"[('fire_archive_SV-C2_686770.csv', 292023), ('fire_archive_J1V-C2_686768.csv', 286179), ('fire_archive_M-C61_686766.csv', 67268)]","[('SUOMI_VIIRS_ARCHIVE', 292023), ('J1_VIIRS_ARCHIVE', 286179), ('MODIS_ARCHIVE', 67268)]","[('SUOMI_VIIRS', 292023), ('J1_VIIRS', 286179), ('MODIS', 67268)]","[('N', 292023), ('N20', 286179), ('Aqua', 35719), ('Terra', 31549)]","[('VIIRS', 578202), ('MODIS', 67268)]","[('2', 578202), ('6.03', 67268)]","[('n', 483091), ('l', 63009), ('h', 32102), ('100', 4210), ('74', 1498), ('73', 1439), ('72', 1436), ('75', 1395), ('68', 1393), ('69', 1391)]","[('D', 423670), ('N', 221800)]","[('0', 558752), ('2', 84777), ('3', 1467), ('1', 474)]",Resumen anual del dataset preparado.
YEAR,2022,612292,612292,0,0.0,2022-01-01,2022-12-31,,,,,,,,,,"[('fire_archive_SV-C2_686770.csv', 275471), ('fire_archive_J1V-C2_686768.csv', 275236), ('fire_archive_M-C61_686766.csv', 61585)]","[('SUOMI_VIIRS_ARCHIVE', 275471), ('J1_VIIRS_ARCHIVE', 275236), ('MODIS_ARCHIVE', 61585)]","[('SUOMI_VIIRS', 275471), ('J1_VIIRS', 275236), ('MODIS', 61585)]","[('N', 275471), ('N20', 275236), ('Aqua', 31065), ('Terra', 30520)]","[('VIIRS', 550707), ('MODIS', 61585)]","[('2', 550707), ('6.03', 61585)]","[('n', 454948), ('l', 65256), ('h', 30503), ('100', 3258), ('73', 1374), ('75', 1362), ('74', 1356), ('71', 1335), ('67', 1322), ('70', 1318)]","[('D', 425089), ('N', 187203)]","[('0', 524070), ('2', 86219), ('3', 1370), ('1', 633)]",Resumen anual del dataset preparado.
YEAR,2023,723073,723072,1,0.0001,2023-01-01,2023-12-31,,,,,,,,,,"[('fire_archive_SV-C2_686770.csv', 327657), ('fire_archive_J1V-C2_686768.csv', 320739), ('fire_archive_M-C61_686766.csv', 74676)]","[('SUOMI_VIIRS_ARCHIVE', 327657), ('J1_VIIRS_ARCHIVE', 320739), ('MODIS_ARCHIVE', 74676)]","[('SUOMI_VIIRS', 327657), ('J1_VIIRS', 320739), ('MODIS', 74676)]","[('N', 327657), ('N20', 320739), ('Aqua', 40155), ('Terra', 34521)]","[('VIIRS', 648396), ('MODIS', 74676)]","[('2', 648396), ('61.03', 74676)]","[('n', 527421), ('l', 84411), ('h', 36564), ('100', 4337), ('72', 1660), ('75', 1641), ('69', 1615), ('76', 1599), ('71', 1587), ('74', 1569)]","[('D', 498996), ('N', 224076)]","[('0', 633107), ('2', 87421), ('3', 1505), ('1', 1039)]",Resumen anual del dataset preparado.
YEAR,2024,758483,758481,2,0.0003,2024-01-01,2024-12-31,,,,,,,,,,"[('fire_archive_J1V-C2_686768.csv', 347958), ('fire_archive_SV-C2_686770.csv', 330133), ('fire_archive_M-C61_686766.csv', 80390)]","[('J1_VIIRS_ARCHIVE', 347958), ('SUOMI_VIIRS_ARCHIVE', 330133), ('MODIS_ARCHIVE', 80390)]","[('J1_VIIRS', 347958), ('SUOMI_VIIRS', 330133), ('MODIS', 80390)]","[('N20', 347958), ('N', 330133), ('Aqua', 44962), ('Terra', 35428)]","[('VIIRS', 678091), ('MODIS', 80390)]","[('2', 678091), ('61.03', 80390)]","[('n', 552566), ('l', 89970), ('h', 35555), ('100', 5455), ('73', 1743), ('75', 1732), ('76', 1699), ('72', 1682), ('74', 1650), ('71', 1649)]","[('D', 486571), ('N', 271910)]","[('0', 675675), ('2', 80135), ('3', 2148), ('1', 523)]",Resumen anual del dataset preparado.
YEAR,2025,614697,614697,0,0.0,2025-01-01,2025-12-31,,,,,,,,,,"[('fire_archive_SV-C2_686770.csv', 243439), ('fire_archive_J1V-C2_686768.csv', 238542), ('fire_archive_M-C61_686766.csv', 56271), ('fire_archive_J1V-C2_723172.csv', 34268), ('fire_archive_SV-C2_723173.csv', 33482), ('fire_archive_M-C61_723052.csv', 8695)]","[('SUOMI_VIIRS_ARCHIVE', 276921), ('J1_VIIRS_ARCHIVE', 272810), ('MODIS_ARCHIVE', 64966)]","[('SUOMI_VIIRS', 276921), ('J1_VIIRS', 272810), ('MODIS', 64966)]","[('N', 276921), ('N20', 272810), ('Aqua', 36011), ('Terra', 28955)]","[('VIIRS', 549731), ('MODIS', 64966)]","[('2', 549731), ('61.03', 64966)]","[('n', 452577), ('l', 64537), ('h', 32617), ('100', 5188), ('73', 1399), ('68', 1369), ('72', 1365), ('71', 1355), ('76', 1346), ('75', 1324)]","[('D', 396010), ('N', 218687)]","[('0', 524244), ('2', 88000), ('3', 1890), ('1', 563)]",Resumen anual del dataset preparado.
SOURCE_FILE,fire_archive_J1V-C2_686768.csv,2360565,2360562,3,0.0001,2018-04-01,2025-07-31,,,,,,,,,,"[('fire_archive_J1V-C2_686768.csv', 2360562)]","[('J1_VIIRS_ARCHIVE', 2360562)]","[('J1_VIIRS', 2360562)]","[('N20', 2360562)]","[('VIIRS', 2360562)]","[('2', 2360562)]","[('n', 1936863), ('l', 299890), ('h', 123809)]","[('D', 1588733), ('N', 771829)]","[('0', 2090883), ('2', 263399), ('3', 4139), ('1', 2141)]",encoding=utf-8-sig; original_columns_loaded=15; missing_expected_columns=[]; extra_columns=[]
SOURCE_FILE,fire_archive_J1V-C2_723172.csv,34268,34268,0,0.0,2025-08-01,2025-12-31,,,,,,,,,,"[('fire_archive_J1V-C2_723172.csv', 34268)]","[('J1_VIIRS_ARCHIVE', 34268)]","[('J1_VIIRS', 34268)]","[('N20', 34268)]","[('VIIRS', 34268)]","[('2', 34268)]","[('n', 31237), ('l', 1912), ('h', 1119)]","[('D', 17916), ('N', 16352)]","[('0', 18507), ('2', 15378), ('3', 309), ('1', 74)]",encoding=utf-8-sig; original_columns_loaded=15; missing_expected_columns=[]; extra_columns=[]
SOURCE_FILE,fire_archive_M-C61_686766.csv,1675428,1675428,0,0.0,2001-01-01,2025-07-31,,,,,,,,,,"[('fire_archive_M-C61_686766.csv', 1675428)]","[('MODIS_ARCHIVE', 1675428)]","[('MODIS', 1675428)]","[('Aqua', 875053), ('Terra', 800375)]","[('MODIS', 1675428)]","[('6.03', 1464091), ('61.03', 211337)]","[('100', 79469), ('73', 37330), ('75', 37162), ('74', 37035), ('72', 36902), ('71', 36548), ('76', 36059), ('70', 36053), ('77', 35981), ('69', 35654)]","[('D', 1401454), ('N', 273974)]","[('0', 1539512), ('2', 124906), ('3', 7457), ('1', 3553)]",encoding=utf-8-sig; original_columns_loaded=15; missing_expected_columns=[]; extra_columns=[]
SOURCE_FILE,fire_archive_M-C61_723052.csv,8695,8695,0,0.0,2025-08-01,2025-12-31,,,,,,,,,,"[('fire_archive_M-C61_723052.csv', 8695)]","[('MODIS_ARCHIVE', 8695)]","[('MODIS', 8695)]","[('Terra', 4401), ('Aqua', 4294)]","[('MODIS', 8695)]","[('61.03', 8695)]","[('100', 616), ('68', 217), ('64', 211), ('67', 211), ('65', 206), ('62', 205), ('0', 187), ('71', 185), ('69', 184), ('66', 181)]","[('D', 5844), ('N', 2851)]","[('2', 4313), ('0', 4274), ('3', 66), ('1', 42)]",encoding=utf-8-sig; original_columns_loaded=15; missing_expected_columns=[]; extra_columns=[]
SOURCE_FILE,fire_archive_SV-C2_686770.csv,4192341,4192340,1,0.0,2012-01-20,2025-07-31,,,,,,,,,,"[('fire_archive_SV-C2_686770.csv', 4192340)]","[('SUOMI_VIIRS_ARCHIVE', 4192340)]","[('SUOMI_VIIRS', 4192340)]","[('N', 4192340)]","[('VIIRS', 4192340)]","[('2', 4192340)]","[('n', 3440663), ('l', 508273), ('h', 243404)]","[('D', 2901131), ('N', 1291209)]","[('0', 3714212), ('2', 463026), ('1', 8685), ('3', 6417)]",encoding=utf-8-sig; original_columns_loaded=15; missing_expected_columns=[]; extra_columns=[]
SOURCE_FILE,fire_archive_SV-C2_723173.csv,33482,33482,0,0.0,2025-08-01,2025-12-31,,,,,,,,,,"[('fire_archive_SV-C2_723173.csv', 33482)]","[('SUOMI_VIIRS_ARCHIVE', 33482)]","[('SUOMI_VIIRS', 33482)]","[('N', 33482)]","[('VIIRS', 33482)]","[('2', 33482)]","[('n', 30604), ('l', 1649), ('h', 1229)]","[('D', 17317), ('N', 16165)]","[('0', 17539), ('2', 15515), ('3', 323), ('1', 105)]",encoding=utf-8-sig; original_columns_loaded=15; missing_expected_columns=[]; extra_columns=[]
